{"version":"2.0.0.","entityTypes":[{"key":"9b8579f2-71fd-495d-8198-3089591a7d8b","name":"Sonic","numberOfEntities":20,"properties":[{"key":"817c0787-fbb2-43c6-b222-f356beacdf8b","type":"location","label":"Location","description":"a short description of the field","prefix":"","suffix":"","required":null,"template":"","multipleValues":null,"trialField":true,"static":null,"value":null,"defaultValue":null,"defaultProperty":true,"inheritable":null},{"key":"9a3fd48c-fa81-4de6-80c8-a2131adfeeaa","type":"text","label":"stationName","description":"a short description of the field","prefix":"","suffix":"","required":false,"template":"","multipleValues":false,"trialField":true,"static":false,"value":null,"defaultValue":null,"defaultProperty":null,"inheritable":false},{"key":"457789ff-61cf-4742-a59e-b6e3757467ef","type":"number","label":"height","description":"a short description of the field","prefix":"","suffix":"","required":false,"template":"","multipleValues":false,"trialField":true,"static":false,"value":null,"defaultValue":null,"defaultProperty":null,"inheritable":false}]},{"key":"04f1dfea-fcf9-4172-8f63-4e37039fd451","name":"TRH","numberOfEntities":20,"properties":[{"key":"8d4edc15-ce66-4461-823a-c68ee41fce7c","type":"location","label":"Location","description":"a short description of the field","prefix":"","suffix":"","required":null,"template":"","multipleValues":null,"trialField":true,"static":null,"value":null,"defaultValue":null,"defaultProperty":true,"inheritable":null},{"key":"3f31ef1c-3811-46d8-9d48-9fe1b1e50bfe","type":"textArea","label":"stationName","description":"a short description of the field","prefix":"","suffix":"","required":false,"template":"","multipleValues":false,"trialField":true,"static":false,"value":null,"defaultValue":null,"defaultProperty":null,"inheritable":false},{"key":"fd85e7cd-02ca-466e-b36b-6247bf355e44","type":"number","label":"height","description":"a short description of the field","prefix":"","suffix":"","required":false,"template":"","multipleValues":false,"trialField":true,"static":false,"value":null,"defaultValue":null,"defaultProperty":null,"inheritable":false}]},{"key":"7c47834e-d630-473c-9777-0d28519c7b4a","name":"Station","numberOfEntities":12,"properties":[{"key":"b65def8d-b0cc-4e6c-a932-196fc857f6e4","type":"location","label":"Location","description":"a short description of the field","prefix":"","suffix":"","required":null,"template":"","multipleValues":null,"trialField":true,"static":null,"value":null,"defaultValue":null,"defaultProperty":true,"inheritable":null},{"key":"060158d8-77c5-4d12-a549-d1cf1fc023f7","type":"number","label":"buildingHeight","description":"a short description of the field","prefix":"","suffix":"","required":false,"template":"","multipleValues":false,"trialField":false,"static":false,"value":null,"defaultValue":null,"defaultProperty":null,"inheritable":false},{"key":"1d57bf7f-7304-4240-9d45-541338c2d1c1","type":"number","label":"averagedHeight","description":"a short description of the field","prefix":"","suffix":"","required":false,"template":"","multipleValues":false,"trialField":false,"static":false,"value":null,"defaultValue":null,"defaultProperty":null,"inheritable":false}]}],"entities":[{"key":"53399f87-6460-4824-b1c8-451ff6f01b0a","name":"sonic01","state":null,"entitiesTypeKey":"9b8579f2-71fd-495d-8198-3089591a7d8b","properties":[{"key":"817c0787-fbb2-43c6-b222-f356beacdf8b","val":null},{"key":"9a3fd48c-fa81-4de6-80c8-a2131adfeeaa","val":null},{"key":"457789ff-61cf-4742-a59e-b6e3757467ef","val":null}]},{"key":"e6934b46-e72f-44ac-8c76-ff698e26b29b","name":"sonic07","state":null,"entitiesTypeKey":"9b8579f2-71fd-495d-8198-3089591a7d8b","properties":[{"key":"817c0787-fbb2-43c6-b222-f356beacdf8b","val":null},{"key":"9a3fd48c-fa81-4de6-80c8-a2131adfeeaa","val":null},{"key":"457789ff-61cf-4742-a59e-b6e3757467ef","val":null}]},{"key":"7a940667-bbc1-4490-8289-da66848fb8bd","name":"sonic04","state":null,"entitiesTypeKey":"9b8579f2-71fd-495d-8198-3089591a7d8b","properties":[{"key":"817c0787-fbb2-43c6-b222-f356beacdf8b","val":null},{"key":"9a3fd48c-fa81-4de6-80c8-a2131adfeeaa","val":null},{"key":"457789ff-61cf-4742-a59e-b6e3757467ef","val":null}]},{"key":"eb71cbef-4bc2-4001-8c06-af03a0bd8511","name":"sonic02","state":null,"entitiesTypeKey":"9b8579f2-71fd-495d-8198-3089591a7d8b","properties":[{"key":"817c0787-fbb2-43c6-b222-f356beacdf8b","val":null},{"key":"9a3fd48c-fa81-4de6-80c8-a2131adfeeaa","val":null},{"key":"457789ff-61cf-4742-a59e-b6e3757467ef","val":null}]},{"key":"30679c4b-4e54-48b6-a1dd-fb0f5a24c557","name":"sonic05","state":null,"entitiesTypeKey":"9b8579f2-71fd-495d-8198-3089591a7d8b","properties":[{"key":"817c0787-fbb2-43c6-b222-f356beacdf8b","val":null},{"key":"9a3fd48c-fa81-4de6-80c8-a2131adfeeaa","val":null},{"key":"457789ff-61cf-4742-a59e-b6e3757467ef","val":null}]},{"key":"f92dcafb-da42-420d-ab0e-c78ce8d3b022","name":"sonic09","state":null,"entitiesTypeKey":"9b8579f2-71fd-495d-8198-3089591a7d8b","properties":[{"key":"817c0787-fbb2-43c6-b222-f356beacdf8b","val":null},{"key":"9a3fd48c-fa81-4de6-80c8-a2131adfeeaa","val":null},{"key":"457789ff-61cf-4742-a59e-b6e3757467ef","val":null}]},{"key":"5fbd73fe-0b58-45e1-a05b-275066266299","name":"sonic06","state":null,"entitiesTypeKey":"9b8579f2-71fd-495d-8198-3089591a7d8b","properties":[{"key":"817c0787-fbb2-43c6-b222-f356beacdf8b","val":null},{"key":"9a3fd48c-fa81-4de6-80c8-a2131adfeeaa","val":null},{"key":"457789ff-61cf-4742-a59e-b6e3757467ef","val":null}]},{"key":"55b42391-8752-4b41-8f0c-bb6262766029","name":"sonic03","state":null,"entitiesTypeKey":"9b8579f2-71fd-495d-8198-3089591a7d8b","properties":[{"key":"817c0787-fbb2-43c6-b222-f356beacdf8b","val":null},{"key":"9a3fd48c-fa81-4de6-80c8-a2131adfeeaa","val":null},{"key":"457789ff-61cf-4742-a59e-b6e3757467ef","val":null}]},{"key":"c4e38d93-7009-4acc-b513-6e3c62dbf516","name":"sonic08","state":null,"entitiesTypeKey":"9b8579f2-71fd-495d-8198-3089591a7d8b","properties":[{"key":"817c0787-fbb2-43c6-b222-f356beacdf8b","val":null},{"key":"9a3fd48c-fa81-4de6-80c8-a2131adfeeaa","val":null},{"key":"457789ff-61cf-4742-a59e-b6e3757467ef","val":null}]},{"key":"a7e3b668-a24e-48ea-8770-bebc31d0c9b6","name":"sonic11","state":null,"entitiesTypeKey":"9b8579f2-71fd-495d-8198-3089591a7d8b","properties":[{"key":"817c0787-fbb2-43c6-b222-f356beacdf8b","val":null},{"key":"9a3fd48c-fa81-4de6-80c8-a2131adfeeaa","val":null},{"key":"457789ff-61cf-4742-a59e-b6e3757467ef","val":null}]},{"key":"c8eaa505-1ee5-41a5-96a1-c8c01697e22c","name":"sonic13","state":null,"entitiesTypeKey":"9b8579f2-71fd-495d-8198-3089591a7d8b","properties":[{"key":"817c0787-fbb2-43c6-b222-f356beacdf8b","val":null},{"key":"9a3fd48c-fa81-4de6-80c8-a2131adfeeaa","val":null},{"key":"457789ff-61cf-4742-a59e-b6e3757467ef","val":null}]},{"key":"d826cf6e-69d7-4368-b00f-1652d32b4c21","name":"sonic10","state":null,"entitiesTypeKey":"9b8579f2-71fd-495d-8198-3089591a7d8b","properties":[{"key":"817c0787-fbb2-43c6-b222-f356beacdf8b","val":null},{"key":"9a3fd48c-fa81-4de6-80c8-a2131adfeeaa","val":null},{"key":"457789ff-61cf-4742-a59e-b6e3757467ef","val":null}]},{"key":"09565aeb-0c78-4869-ad2b-64adb78f9f97","name":"sonic12","state":null,"entitiesTypeKey":"9b8579f2-71fd-495d-8198-3089591a7d8b","properties":[{"key":"817c0787-fbb2-43c6-b222-f356beacdf8b","val":null},{"key":"9a3fd48c-fa81-4de6-80c8-a2131adfeeaa","val":null},{"key":"457789ff-61cf-4742-a59e-b6e3757467ef","val":null}]},{"key":"7fd6878c-3bf6-4183-a738-938aa96e4250","name":"sonic16","state":null,"entitiesTypeKey":"9b8579f2-71fd-495d-8198-3089591a7d8b","properties":[{"key":"817c0787-fbb2-43c6-b222-f356beacdf8b","val":null},{"key":"9a3fd48c-fa81-4de6-80c8-a2131adfeeaa","val":null},{"key":"457789ff-61cf-4742-a59e-b6e3757467ef","val":null}]},{"key":"b61b4f5c-827f-4358-9702-3a5cbc195152","name":"sonic15","state":null,"entitiesTypeKey":"9b8579f2-71fd-495d-8198-3089591a7d8b","properties":[{"key":"817c0787-fbb2-43c6-b222-f356beacdf8b","val":null},{"key":"9a3fd48c-fa81-4de6-80c8-a2131adfeeaa","val":null},{"key":"457789ff-61cf-4742-a59e-b6e3757467ef","val":null}]},{"key":"f3f16e25-9db2-42f1-b2ad-0455f7eae70b","name":"sonic14","state":null,"entitiesTypeKey":"9b8579f2-71fd-495d-8198-3089591a7d8b","properties":[{"key":"817c0787-fbb2-43c6-b222-f356beacdf8b","val":null},{"key":"9a3fd48c-fa81-4de6-80c8-a2131adfeeaa","val":null},{"key":"457789ff-61cf-4742-a59e-b6e3757467ef","val":null}]},{"key":"6fb2a908-59fb-415a-b708-41c4b13bf438","name":"sonic19","state":null,"entitiesTypeKey":"9b8579f2-71fd-495d-8198-3089591a7d8b","properties":[{"key":"817c0787-fbb2-43c6-b222-f356beacdf8b","val":null},{"key":"9a3fd48c-fa81-4de6-80c8-a2131adfeeaa","val":null},{"key":"457789ff-61cf-4742-a59e-b6e3757467ef","val":null}]},{"key":"3d932dfe-cdc0-4564-8524-218e923e3c92","name":"TRH03","state":null,"entitiesTypeKey":"04f1dfea-fcf9-4172-8f63-4e37039fd451","properties":[{"key":"8d4edc15-ce66-4461-823a-c68ee41fce7c","val":null},{"key":"3f31ef1c-3811-46d8-9d48-9fe1b1e50bfe","val":null},{"key":"fd85e7cd-02ca-466e-b36b-6247bf355e44","val":null}]},{"key":"08b61857-2d57-4567-bd42-bfc01190793a","name":"TRH02","state":null,"entitiesTypeKey":"04f1dfea-fcf9-4172-8f63-4e37039fd451","properties":[{"key":"8d4edc15-ce66-4461-823a-c68ee41fce7c","val":null},{"key":"3f31ef1c-3811-46d8-9d48-9fe1b1e50bfe","val":null},{"key":"fd85e7cd-02ca-466e-b36b-6247bf355e44","val":null}]},{"key":"f2fc0554-4249-405f-990b-1a3ec0fd4d04","name":"sonic17","state":null,"entitiesTypeKey":"9b8579f2-71fd-495d-8198-3089591a7d8b","properties":[{"key":"817c0787-fbb2-43c6-b222-f356beacdf8b","val":null},{"key":"9a3fd48c-fa81-4de6-80c8-a2131adfeeaa","val":null},{"key":"457789ff-61cf-4742-a59e-b6e3757467ef","val":null}]},{"key":"f6c05698-1ea4-47a4-9d5e-c9333726ff3b","name":"sonic18","state":null,"entitiesTypeKey":"9b8579f2-71fd-495d-8198-3089591a7d8b","properties":[{"key":"817c0787-fbb2-43c6-b222-f356beacdf8b","val":null},{"key":"9a3fd48c-fa81-4de6-80c8-a2131adfeeaa","val":null},{"key":"457789ff-61cf-4742-a59e-b6e3757467ef","val":null}]},{"key":"3d734c36-89a7-4c15-a514-c815ecc8d549","name":"sonic20","state":null,"entitiesTypeKey":"9b8579f2-71fd-495d-8198-3089591a7d8b","properties":[{"key":"817c0787-fbb2-43c6-b222-f356beacdf8b","val":null},{"key":"9a3fd48c-fa81-4de6-80c8-a2131adfeeaa","val":null},{"key":"457789ff-61cf-4742-a59e-b6e3757467ef","val":null}]},{"key":"d82be0f7-81a6-4b78-9a7b-9d73c0f9cd1c","name":"TRH08","state":null,"entitiesTypeKey":"04f1dfea-fcf9-4172-8f63-4e37039fd451","properties":[{"key":"8d4edc15-ce66-4461-823a-c68ee41fce7c","val":null},{"key":"3f31ef1c-3811-46d8-9d48-9fe1b1e50bfe","val":null},{"key":"fd85e7cd-02ca-466e-b36b-6247bf355e44","val":null}]},{"key":"392bc855-0654-48df-b483-0419ed446087","name":"TRH04","state":null,"entitiesTypeKey":"04f1dfea-fcf9-4172-8f63-4e37039fd451","properties":[{"key":"8d4edc15-ce66-4461-823a-c68ee41fce7c","val":null},{"key":"3f31ef1c-3811-46d8-9d48-9fe1b1e50bfe","val":null},{"key":"fd85e7cd-02ca-466e-b36b-6247bf355e44","val":null}]},{"key":"25fed104-9766-4396-87c4-3ba469f736e6","name":"TRH19","state":null,"entitiesTypeKey":"04f1dfea-fcf9-4172-8f63-4e37039fd451","properties":[{"key":"8d4edc15-ce66-4461-823a-c68ee41fce7c","val":null},{"key":"3f31ef1c-3811-46d8-9d48-9fe1b1e50bfe","val":null},{"key":"fd85e7cd-02ca-466e-b36b-6247bf355e44","val":null}]},{"key":"5423eaf8-2ec5-4c05-b778-c94e32c8c096","name":"TRH01","state":null,"entitiesTypeKey":"04f1dfea-fcf9-4172-8f63-4e37039fd451","properties":[{"key":"8d4edc15-ce66-4461-823a-c68ee41fce7c","val":null},{"key":"3f31ef1c-3811-46d8-9d48-9fe1b1e50bfe","val":null},{"key":"fd85e7cd-02ca-466e-b36b-6247bf355e44","val":null}]},{"key":"6149d1a9-b70a-4134-ba03-e93f22c3c880","name":"TRH05","state":null,"entitiesTypeKey":"04f1dfea-fcf9-4172-8f63-4e37039fd451","properties":[{"key":"8d4edc15-ce66-4461-823a-c68ee41fce7c","val":null},{"key":"3f31ef1c-3811-46d8-9d48-9fe1b1e50bfe","val":null},{"key":"fd85e7cd-02ca-466e-b36b-6247bf355e44","val":null}]},{"key":"5b3cf881-0a29-4f6a-a144-5b4b849ddca1","name":"TRH10","state":null,"entitiesTypeKey":"04f1dfea-fcf9-4172-8f63-4e37039fd451","properties":[{"key":"8d4edc15-ce66-4461-823a-c68ee41fce7c","val":null},{"key":"3f31ef1c-3811-46d8-9d48-9fe1b1e50bfe","val":null},{"key":"fd85e7cd-02ca-466e-b36b-6247bf355e44","val":null}]},{"key":"791be40f-1c5f-4341-9045-eb0905b36c41","name":"TRH13","state":null,"entitiesTypeKey":"04f1dfea-fcf9-4172-8f63-4e37039fd451","properties":[{"key":"8d4edc15-ce66-4461-823a-c68ee41fce7c","val":null},{"key":"3f31ef1c-3811-46d8-9d48-9fe1b1e50bfe","val":null},{"key":"fd85e7cd-02ca-466e-b36b-6247bf355e44","val":null}]},{"key":"73f98ee7-45ec-4fb7-92e9-b9aa9c6845d1","name":"ss","state":null,"entitiesTypeKey":"c1a925b0-e4c4-4abe-9fbf-f34428fde8d1","properties":[{"key":"18008b29-5bd1-4fb3-ac7e-f672e8ca3c38","val":null},{"key":"474c02d8-c5ac-42e7-8ddc-5f0dbf152b6f","val":null}]},{"key":"a9cdc262-d446-4c35-a41a-1a96695b0a6b","name":"SA02","state":null,"entitiesTypeKey":"c1a925b0-e4c4-4abe-9fbf-f34428fde8d1","properties":[{"key":"18008b29-5bd1-4fb3-ac7e-f672e8ca3c38","val":null},{"key":"474c02d8-c5ac-42e7-8ddc-5f0dbf152b6f","val":null}]},{"key":"fb526a00-03d1-42fc-a2ce-8d47366aa811","name":"SA11","state":null,"entitiesTypeKey":"c1a925b0-e4c4-4abe-9fbf-f34428fde8d1","properties":[{"key":"18008b29-5bd1-4fb3-ac7e-f672e8ca3c38","val":null},{"key":"474c02d8-c5ac-42e7-8ddc-5f0dbf152b6f","val":null}]},{"key":"89816d08-175a-4698-9188-7f08a39c4921","name":"TRH17","state":null,"entitiesTypeKey":"04f1dfea-fcf9-4172-8f63-4e37039fd451","properties":[{"key":"8d4edc15-ce66-4461-823a-c68ee41fce7c","val":null},{"key":"3f31ef1c-3811-46d8-9d48-9fe1b1e50bfe","val":null},{"key":"fd85e7cd-02ca-466e-b36b-6247bf355e44","val":null}]},{"key":"9478be3f-f89e-40d1-9be1-8ed0d6fa031d","name":"SA01","state":null,"entitiesTypeKey":"c1a925b0-e4c4-4abe-9fbf-f34428fde8d1","properties":[{"key":"18008b29-5bd1-4fb3-ac7e-f672e8ca3c38","val":null},{"key":"474c02d8-c5ac-42e7-8ddc-5f0dbf152b6f","val":null}]},{"key":"bf914415-a7b4-4618-bfe8-333fbf22fd21","name":"TRH07","state":null,"entitiesTypeKey":"04f1dfea-fcf9-4172-8f63-4e37039fd451","properties":[{"key":"8d4edc15-ce66-4461-823a-c68ee41fce7c","val":null},{"key":"3f31ef1c-3811-46d8-9d48-9fe1b1e50bfe","val":null},{"key":"fd85e7cd-02ca-466e-b36b-6247bf355e44","val":null}]},{"key":"936c332a-0ddc-49fc-b185-9a787e29bef2","name":"TRH20","state":null,"entitiesTypeKey":"04f1dfea-fcf9-4172-8f63-4e37039fd451","properties":[{"key":"8d4edc15-ce66-4461-823a-c68ee41fce7c","val":null},{"key":"3f31ef1c-3811-46d8-9d48-9fe1b1e50bfe","val":null},{"key":"fd85e7cd-02ca-466e-b36b-6247bf355e44","val":null}]},{"key":"4d964490-5688-45b2-a2ee-48a88c9e6d8b","name":"TRH12","state":null,"entitiesTypeKey":"04f1dfea-fcf9-4172-8f63-4e37039fd451","properties":[{"key":"8d4edc15-ce66-4461-823a-c68ee41fce7c","val":null},{"key":"3f31ef1c-3811-46d8-9d48-9fe1b1e50bfe","val":null},{"key":"fd85e7cd-02ca-466e-b36b-6247bf355e44","val":null}]},{"key":"ddc4262f-b6e0-496b-a489-d03cda5bf9e5","name":"TRH06","state":null,"entitiesTypeKey":"04f1dfea-fcf9-4172-8f63-4e37039fd451","properties":[{"key":"8d4edc15-ce66-4461-823a-c68ee41fce7c","val":null},{"key":"3f31ef1c-3811-46d8-9d48-9fe1b1e50bfe","val":null},{"key":"fd85e7cd-02ca-466e-b36b-6247bf355e44","val":null}]},{"key":"415e4da5-70ec-4aeb-a3c9-0ca93a178779","name":"TRH18","state":null,"entitiesTypeKey":"04f1dfea-fcf9-4172-8f63-4e37039fd451","properties":[{"key":"8d4edc15-ce66-4461-823a-c68ee41fce7c","val":null},{"key":"3f31ef1c-3811-46d8-9d48-9fe1b1e50bfe","val":null},{"key":"fd85e7cd-02ca-466e-b36b-6247bf355e44","val":null}]},{"key":"f0ef47ce-2d44-45c8-8670-4c9d77fc4bb1","name":"TRH16","state":null,"entitiesTypeKey":"04f1dfea-fcf9-4172-8f63-4e37039fd451","properties":[{"key":"8d4edc15-ce66-4461-823a-c68ee41fce7c","val":null},{"key":"3f31ef1c-3811-46d8-9d48-9fe1b1e50bfe","val":null},{"key":"fd85e7cd-02ca-466e-b36b-6247bf355e44","val":null}]},{"key":"c2693f5e-0231-4f0c-b5bd-afe808e7f995","name":"TRH14","state":null,"entitiesTypeKey":"04f1dfea-fcf9-4172-8f63-4e37039fd451","properties":[{"key":"8d4edc15-ce66-4461-823a-c68ee41fce7c","val":null},{"key":"3f31ef1c-3811-46d8-9d48-9fe1b1e50bfe","val":null},{"key":"fd85e7cd-02ca-466e-b36b-6247bf355e44","val":null}]},{"key":"d51f7989-f6ab-46e1-b7cc-8929177320c2","name":"SA05","state":null,"entitiesTypeKey":"c1a925b0-e4c4-4abe-9fbf-f34428fde8d1","properties":[{"key":"18008b29-5bd1-4fb3-ac7e-f672e8ca3c38","val":null},{"key":"474c02d8-c5ac-42e7-8ddc-5f0dbf152b6f","val":null}]},{"key":"ce48b966-fcb7-4ab1-aea8-5598f17f1f06","name":"TRH09","state":null,"entitiesTypeKey":"04f1dfea-fcf9-4172-8f63-4e37039fd451","properties":[{"key":"8d4edc15-ce66-4461-823a-c68ee41fce7c","val":null},{"key":"3f31ef1c-3811-46d8-9d48-9fe1b1e50bfe","val":null},{"key":"fd85e7cd-02ca-466e-b36b-6247bf355e44","val":null}]},{"key":"29847eb3-270a-4fdc-88d2-4180f7aad56b","name":"SA06","state":null,"entitiesTypeKey":"c1a925b0-e4c4-4abe-9fbf-f34428fde8d1","properties":[{"key":"18008b29-5bd1-4fb3-ac7e-f672e8ca3c38","val":null},{"key":"474c02d8-c5ac-42e7-8ddc-5f0dbf152b6f","val":null}]},{"key":"44f4ca6a-c27e-4d8d-9c29-1cebbd2a3097","name":"SA00","state":null,"entitiesTypeKey":"c1a925b0-e4c4-4abe-9fbf-f34428fde8d1","properties":[{"key":"18008b29-5bd1-4fb3-ac7e-f672e8ca3c38","val":null},{"key":"474c02d8-c5ac-42e7-8ddc-5f0dbf152b6f","val":null}]},{"key":"3eac9536-7c1d-4e5a-9dfa-238485154cd2","name":"SA08","state":null,"entitiesTypeKey":"c1a925b0-e4c4-4abe-9fbf-f34428fde8d1","properties":[{"key":"18008b29-5bd1-4fb3-ac7e-f672e8ca3c38","val":null},{"key":"474c02d8-c5ac-42e7-8ddc-5f0dbf152b6f","val":null}]},{"key":"93d99856-c70e-4f30-b241-1756036c0ef9","name":"TRH15","state":null,"entitiesTypeKey":"04f1dfea-fcf9-4172-8f63-4e37039fd451","properties":[{"key":"8d4edc15-ce66-4461-823a-c68ee41fce7c","val":null},{"key":"3f31ef1c-3811-46d8-9d48-9fe1b1e50bfe","val":null},{"key":"fd85e7cd-02ca-466e-b36b-6247bf355e44","val":null}]},{"key":"66da1cc6-554e-4f4f-a461-77c03058dcd4","name":"SA04","state":null,"entitiesTypeKey":"c1a925b0-e4c4-4abe-9fbf-f34428fde8d1","properties":[{"key":"18008b29-5bd1-4fb3-ac7e-f672e8ca3c38","val":null},{"key":"474c02d8-c5ac-42e7-8ddc-5f0dbf152b6f","val":null}]},{"key":"c36264a4-4d58-4ba2-a654-220fc6076733","name":"SA10","state":null,"entitiesTypeKey":"c1a925b0-e4c4-4abe-9fbf-f34428fde8d1","properties":[{"key":"18008b29-5bd1-4fb3-ac7e-f672e8ca3c38","val":null},{"key":"474c02d8-c5ac-42e7-8ddc-5f0dbf152b6f","val":null}]},{"key":"d4da015d-05cf-4b87-9429-d4e10745f8f8","name":"TRH11","state":null,"entitiesTypeKey":"04f1dfea-fcf9-4172-8f63-4e37039fd451","properties":[{"key":"8d4edc15-ce66-4461-823a-c68ee41fce7c","val":null},{"key":"3f31ef1c-3811-46d8-9d48-9fe1b1e50bfe","val":null},{"key":"fd85e7cd-02ca-466e-b36b-6247bf355e44","val":null}]},{"key":"fce2beec-4f58-48a4-b1cd-7343572e1d1b","name":"SA07","state":null,"entitiesTypeKey":"c1a925b0-e4c4-4abe-9fbf-f34428fde8d1","properties":[{"key":"18008b29-5bd1-4fb3-ac7e-f672e8ca3c38","val":null},{"key":"474c02d8-c5ac-42e7-8ddc-5f0dbf152b6f","val":null}]},{"key":"e1e3435a-f47b-45c9-9db7-c72b9e326676","name":"SA03","state":null,"entitiesTypeKey":"c1a925b0-e4c4-4abe-9fbf-f34428fde8d1","properties":[{"key":"18008b29-5bd1-4fb3-ac7e-f672e8ca3c38","val":null},{"key":"474c02d8-c5ac-42e7-8ddc-5f0dbf152b6f","val":null}]},{"key":"4a0a6984-080d-43d9-8102-b8eefdfcf423","name":"SA09","state":null,"entitiesTypeKey":"c1a925b0-e4c4-4abe-9fbf-f34428fde8d1","properties":[{"key":"18008b29-5bd1-4fb3-ac7e-f672e8ca3c38","val":null},{"key":"474c02d8-c5ac-42e7-8ddc-5f0dbf152b6f","val":null}]},{"key":"71fed948-7af9-483a-b3ce-f6ab8faf4baa","name":"Check_Post","state":null,"entitiesTypeKey":"7c47834e-d630-473c-9777-0d28519c7b4a","properties":[{"key":"b65def8d-b0cc-4e6c-a932-196fc857f6e4","val":null},{"key":"060158d8-77c5-4d12-a549-d1cf1fc023f7","val":"10"},{"key":"1d57bf7f-7304-4240-9d45-541338c2d1c1","val":"12"}]},{"key":"0147f514-4965-4174-bc24-6f944d9a1865","name":"Gan-Margalit","state":null,"entitiesTypeKey":"7c47834e-d630-473c-9777-0d28519c7b4a","properties":[{"key":"b65def8d-b0cc-4e6c-a932-196fc857f6e4","val":null},{"key":"060158d8-77c5-4d12-a549-d1cf1fc023f7","val":"6"},{"key":"1d57bf7f-7304-4240-9d45-541338c2d1c1","val":"12"}]},{"key":"ae5c777a-0c1f-4c54-8380-026f65a5a0e9","name":"Gordon","state":null,"entitiesTypeKey":"7c47834e-d630-473c-9777-0d28519c7b4a","properties":[{"key":"b65def8d-b0cc-4e6c-a932-196fc857f6e4","val":null},{"key":"060158d8-77c5-4d12-a549-d1cf1fc023f7","val":"14"},{"key":"1d57bf7f-7304-4240-9d45-541338c2d1c1","val":"15"}]},{"key":"68d19977-07bd-491a-a8b3-33f8b76926cf","name":"Grand_Canyon","state":null,"entitiesTypeKey":"7c47834e-d630-473c-9777-0d28519c7b4a","properties":[{"key":"b65def8d-b0cc-4e6c-a932-196fc857f6e4","val":null},{"key":"060158d8-77c5-4d12-a549-d1cf1fc023f7","val":"10"},{"key":"1d57bf7f-7304-4240-9d45-541338c2d1c1","val":"10"}]},{"key":"4383797c-e9f5-4c51-9170-e4712b301106","name":"Horev_7","state":null,"entitiesTypeKey":"7c47834e-d630-473c-9777-0d28519c7b4a","properties":[{"key":"b65def8d-b0cc-4e6c-a932-196fc857f6e4","val":null},{"key":"060158d8-77c5-4d12-a549-d1cf1fc023f7","val":"10"},{"key":"1d57bf7f-7304-4240-9d45-541338c2d1c1","val":"12"}]},{"key":"34d68e48-c5e4-4bf4-9791-cf8c28014126","name":"Hugim","state":null,"entitiesTypeKey":"7c47834e-d630-473c-9777-0d28519c7b4a","properties":[{"key":"b65def8d-b0cc-4e6c-a932-196fc857f6e4","val":null},{"key":"060158d8-77c5-4d12-a549-d1cf1fc023f7","val":"12"},{"key":"1d57bf7f-7304-4240-9d45-541338c2d1c1","val":"10"}]},{"key":"ea651817-d099-463b-b27c-ab0bff3cdff0","name":"K_Motskin","state":null,"entitiesTypeKey":"7c47834e-d630-473c-9777-0d28519c7b4a","properties":[{"key":"b65def8d-b0cc-4e6c-a932-196fc857f6e4","val":null},{"key":"060158d8-77c5-4d12-a549-d1cf1fc023f7","val":"10"},{"key":"1d57bf7f-7304-4240-9d45-541338c2d1c1","val":"12"}]},{"key":"21891bd0-eb0a-470b-b133-b3a0b0b85a05","name":"Michlala","state":null,"entitiesTypeKey":"7c47834e-d630-473c-9777-0d28519c7b4a","properties":[{"key":"b65def8d-b0cc-4e6c-a932-196fc857f6e4","val":null},{"key":"060158d8-77c5-4d12-a549-d1cf1fc023f7","val":"10"},{"key":"1d57bf7f-7304-4240-9d45-541338c2d1c1","val":"10"}]},{"key":"a2cca8ec-d068-4539-9d86-813968283cb8","name":"Reali","state":null,"entitiesTypeKey":"7c47834e-d630-473c-9777-0d28519c7b4a","properties":[{"key":"b65def8d-b0cc-4e6c-a932-196fc857f6e4","val":null},{"key":"060158d8-77c5-4d12-a549-d1cf1fc023f7","val":"10"},{"key":"1d57bf7f-7304-4240-9d45-541338c2d1c1","val":"10"}]},{"key":"22ff9c17-8749-446d-a218-05a07aea7c8c","name":"SharaiTora","state":null,"entitiesTypeKey":"7c47834e-d630-473c-9777-0d28519c7b4a","properties":[{"key":"b65def8d-b0cc-4e6c-a932-196fc857f6e4","val":null},{"key":"060158d8-77c5-4d12-a549-d1cf1fc023f7","val":"9"},{"key":"1d57bf7f-7304-4240-9d45-541338c2d1c1","val":"15"}]},{"key":"5565287c-205b-4cec-bd98-f0c537f20761","name":"Tel-Hai","state":null,"entitiesTypeKey":"7c47834e-d630-473c-9777-0d28519c7b4a","properties":[{"key":"b65def8d-b0cc-4e6c-a932-196fc857f6e4","val":null},{"key":"060158d8-77c5-4d12-a549-d1cf1fc023f7","val":"12"},{"key":"1d57bf7f-7304-4240-9d45-541338c2d1c1","val":"12"}]},{"key":"97b8b8f8-e269-41b3-a212-67d15f66b6fd","name":"Yamim","state":null,"entitiesTypeKey":"7c47834e-d630-473c-9777-0d28519c7b4a","properties":[{"key":"b65def8d-b0cc-4e6c-a932-196fc857f6e4","val":null},{"key":"060158d8-77c5-4d12-a549-d1cf1fc023f7","val":"12"},{"key":"1d57bf7f-7304-4240-9d45-541338c2d1c1","val":"0"}]}],"trialSets":[{"key":"9e7a3282-53bd-4c1a-9992-1f73c6ff590c","name":"Measurements","description":"","numberOfTrials":1,"state":null,"properties":[]}],"trials":[{"key":"a64b0536-88c4-44d1-93d0-90312743c23f","name":"Measurement","created":"2023-07-03T07:27:50.328Z","status":"design","cloneFrom":null,"cloneFromTrailKey":null,"state":null,"trialSetKey":"9e7a3282-53bd-4c1a-9992-1f73c6ff590c","numberOfEntities":0,"properties":[],"entities":[{"key":"53399f87-6460-4824-b1c8-451ff6f01b0a","entitiesTypeKey":"9b8579f2-71fd-495d-8198-3089591a7d8b","containsEntities":null,"properties":[{"key":"817c0787-fbb2-43c6-b222-f356beacdf8b","val":"{\"name\":\"OSMMap\",\"coordinates\":[32.7894833333,35.0406166667]}"},{"key":"457789ff-61cf-4742-a59e-b6e3757467ef","val":"9"},{"key":"9a3fd48c-fa81-4de6-80c8-a2131adfeeaa","val":"Check_Post"}]},{"key":"eb71cbef-4bc2-4001-8c06-af03a0bd8511","entitiesTypeKey":"9b8579f2-71fd-495d-8198-3089591a7d8b","containsEntities":null,"properties":[{"key":"817c0787-fbb2-43c6-b222-f356beacdf8b","val":"{\"name\":\"OSMMap\",\"coordinates\":[32.7977,34.9738166667]}"},{"key":"9a3fd48c-fa81-4de6-80c8-a2131adfeeaa","val":"Gan-Margalit"},{"key":"457789ff-61cf-4742-a59e-b6e3757467ef","val":"6"}]},{"key":"55b42391-8752-4b41-8f0c-bb6262766029","entitiesTypeKey":"9b8579f2-71fd-495d-8198-3089591a7d8b","containsEntities":null,"properties":[{"key":"817c0787-fbb2-43c6-b222-f356beacdf8b","val":"{\"name\":\"OSMMap\",\"coordinates\":[32.7977,34.9738166667]}"},{"key":"9a3fd48c-fa81-4de6-80c8-a2131adfeeaa","val":"Gan-Margalit"},{"key":"457789ff-61cf-4742-a59e-b6e3757467ef","val":"16"}]},{"key":"7a940667-bbc1-4490-8289-da66848fb8bd","entitiesTypeKey":"9b8579f2-71fd-495d-8198-3089591a7d8b","containsEntities":null,"properties":[{"key":"817c0787-fbb2-43c6-b222-f356beacdf8b","val":"{\"name\":\"OSMMap\",\"coordinates\":[32.82525,34.9692666667]}"},{"key":"9a3fd48c-fa81-4de6-80c8-a2131adfeeaa","val":"Gordon"},{"key":"457789ff-61cf-4742-a59e-b6e3757467ef","val":"6"}]},{"key":"30679c4b-4e54-48b6-a1dd-fb0f5a24c557","entitiesTypeKey":"9b8579f2-71fd-495d-8198-3089591a7d8b","containsEntities":null,"properties":[{"key":"817c0787-fbb2-43c6-b222-f356beacdf8b","val":"{\"name\":\"OSMMap\",\"coordinates\":[32.82525,34.9692666667]}"},{"key":"9a3fd48c-fa81-4de6-80c8-a2131adfeeaa","val":"Gordon"},{"key":"457789ff-61cf-4742-a59e-b6e3757467ef","val":"16"}]},{"key":"5fbd73fe-0b58-45e1-a05b-275066266299","entitiesTypeKey":"9b8579f2-71fd-495d-8198-3089591a7d8b","containsEntities":null,"properties":[{"key":"817c0787-fbb2-43c6-b222-f356beacdf8b","val":"{\"name\":\"OSMMap\",\"coordinates\":[32.78995,35.0071833333]}"},{"key":"9a3fd48c-fa81-4de6-80c8-a2131adfeeaa","val":"Grand_Canyon"},{"key":"457789ff-61cf-4742-a59e-b6e3757467ef","val":"9"}]},{"key":"5423eaf8-2ec5-4c05-b778-c94e32c8c096","entitiesTypeKey":"04f1dfea-fcf9-4172-8f63-4e37039fd451","containsEntities":null,"properties":[{"key":"8d4edc15-ce66-4461-823a-c68ee41fce7c","val":"{\"name\":\"OSMMap\",\"coordinates\":[32.7894833333,35.0406166667]}"},{"key":"3f31ef1c-3811-46d8-9d48-9fe1b1e50bfe","val":"Check_Post"},{"key":"fd85e7cd-02ca-466e-b36b-6247bf355e44","val":"9"}]},{"key":"3d932dfe-cdc0-4564-8524-218e923e3c92","entitiesTypeKey":"04f1dfea-fcf9-4172-8f63-4e37039fd451","containsEntities":null,"properties":[{"key":"8d4edc15-ce66-4461-823a-c68ee41fce7c","val":"{\"name\":\"OSMMap\",\"coordinates\":[32.7977,34.9738166667]}"},{"key":"3f31ef1c-3811-46d8-9d48-9fe1b1e50bfe","val":"Gan-Margalit"},{"key":"fd85e7cd-02ca-466e-b36b-6247bf355e44","val":"16"}]},{"key":"08b61857-2d57-4567-bd42-bfc01190793a","entitiesTypeKey":"04f1dfea-fcf9-4172-8f63-4e37039fd451","containsEntities":null,"properties":[{"key":"8d4edc15-ce66-4461-823a-c68ee41fce7c","val":"{\"name\":\"OSMMap\",\"coordinates\":[32.7977,34.9738166667]}"},{"key":"3f31ef1c-3811-46d8-9d48-9fe1b1e50bfe","val":"Gan-Margalit"},{"key":"fd85e7cd-02ca-466e-b36b-6247bf355e44","val":"6"}]},{"key":"392bc855-0654-48df-b483-0419ed446087","entitiesTypeKey":"04f1dfea-fcf9-4172-8f63-4e37039fd451","containsEntities":null,"properties":[{"key":"8d4edc15-ce66-4461-823a-c68ee41fce7c","val":"{\"name\":\"OSMMap\",\"coordinates\":[32.82525,34.9692666667]}"},{"key":"3f31ef1c-3811-46d8-9d48-9fe1b1e50bfe","val":"Gordon"},{"key":"fd85e7cd-02ca-466e-b36b-6247bf355e44","val":"6"}]},{"key":"6149d1a9-b70a-4134-ba03-e93f22c3c880","entitiesTypeKey":"04f1dfea-fcf9-4172-8f63-4e37039fd451","containsEntities":null,"properties":[{"key":"8d4edc15-ce66-4461-823a-c68ee41fce7c","val":"{\"name\":\"OSMMap\",\"coordinates\":[32.82525,34.9692666667]}"},{"key":"3f31ef1c-3811-46d8-9d48-9fe1b1e50bfe","val":"Gordon"},{"key":"fd85e7cd-02ca-466e-b36b-6247bf355e44","val":"16"}]},{"key":"ddc4262f-b6e0-496b-a489-d03cda5bf9e5","entitiesTypeKey":"04f1dfea-fcf9-4172-8f63-4e37039fd451","containsEntities":null,"properties":[{"key":"8d4edc15-ce66-4461-823a-c68ee41fce7c","val":"{\"name\":\"OSMMap\",\"coordinates\":[32.78995,35.0071833333]}"},{"key":"3f31ef1c-3811-46d8-9d48-9fe1b1e50bfe","val":"Grand_Canyon"},{"key":"fd85e7cd-02ca-466e-b36b-6247bf355e44","val":"9"}]},{"key":"e6934b46-e72f-44ac-8c76-ff698e26b29b","entitiesTypeKey":"9b8579f2-71fd-495d-8198-3089591a7d8b","containsEntities":null,"properties":[{"key":"817c0787-fbb2-43c6-b222-f356beacdf8b","val":"{\"name\":\"OSMMap\",\"coordinates\":[32.7862666667,34.9859166667]}"},{"key":"9a3fd48c-fa81-4de6-80c8-a2131adfeeaa","val":"Horev_7"},{"key":"457789ff-61cf-4742-a59e-b6e3757467ef","val":"6"}]},{"key":"c4e38d93-7009-4acc-b513-6e3c62dbf516","entitiesTypeKey":"9b8579f2-71fd-495d-8198-3089591a7d8b","containsEntities":null,"properties":[{"key":"817c0787-fbb2-43c6-b222-f356beacdf8b","val":"{\"name\":\"OSMMap\",\"coordinates\":[32.7862666667,34.9859166667]}"},{"key":"9a3fd48c-fa81-4de6-80c8-a2131adfeeaa","val":"Horev_7"},{"key":"457789ff-61cf-4742-a59e-b6e3757467ef","val":"16"}]},{"key":"bf914415-a7b4-4618-bfe8-333fbf22fd21","entitiesTypeKey":"04f1dfea-fcf9-4172-8f63-4e37039fd451","containsEntities":null,"properties":[{"key":"8d4edc15-ce66-4461-823a-c68ee41fce7c","val":"{\"name\":\"OSMMap\",\"coordinates\":[32.7862666667,34.9859166667]}"},{"key":"3f31ef1c-3811-46d8-9d48-9fe1b1e50bfe","val":"Horev_7"},{"key":"fd85e7cd-02ca-466e-b36b-6247bf355e44","val":"6"}]},{"key":"d82be0f7-81a6-4b78-9a7b-9d73c0f9cd1c","entitiesTypeKey":"04f1dfea-fcf9-4172-8f63-4e37039fd451","containsEntities":null,"properties":[{"key":"8d4edc15-ce66-4461-823a-c68ee41fce7c","val":"{\"name\":\"OSMMap\",\"coordinates\":[32.7862666667,34.9859166667]}"},{"key":"3f31ef1c-3811-46d8-9d48-9fe1b1e50bfe","val":"Horev_7"},{"key":"fd85e7cd-02ca-466e-b36b-6247bf355e44","val":"16"}]},{"key":"ce48b966-fcb7-4ab1-aea8-5598f17f1f06","entitiesTypeKey":"04f1dfea-fcf9-4172-8f63-4e37039fd451","containsEntities":null,"properties":[{"key":"8d4edc15-ce66-4461-823a-c68ee41fce7c","val":"{\"name\":\"OSMMap\",\"coordinates\":[32.8011333333,34.9915833333]}"},{"key":"3f31ef1c-3811-46d8-9d48-9fe1b1e50bfe","val":"Hugim"},{"key":"fd85e7cd-02ca-466e-b36b-6247bf355e44","val":"6"}]},{"key":"5b3cf881-0a29-4f6a-a144-5b4b849ddca1","entitiesTypeKey":"04f1dfea-fcf9-4172-8f63-4e37039fd451","containsEntities":null,"properties":[{"key":"8d4edc15-ce66-4461-823a-c68ee41fce7c","val":"{\"name\":\"OSMMap\",\"coordinates\":[32.8011333333,34.9915833333]}"},{"key":"3f31ef1c-3811-46d8-9d48-9fe1b1e50bfe","val":"Hugim"},{"key":"fd85e7cd-02ca-466e-b36b-6247bf355e44","val":"16"}]},{"key":"f92dcafb-da42-420d-ab0e-c78ce8d3b022","entitiesTypeKey":"9b8579f2-71fd-495d-8198-3089591a7d8b","containsEntities":null,"properties":[{"key":"817c0787-fbb2-43c6-b222-f356beacdf8b","val":"{\"name\":\"OSMMap\",\"coordinates\":[32.8011333333,34.9915833333]}"},{"key":"9a3fd48c-fa81-4de6-80c8-a2131adfeeaa","val":"Hugim"},{"key":"457789ff-61cf-4742-a59e-b6e3757467ef","val":"6"}]},{"key":"d826cf6e-69d7-4368-b00f-1652d32b4c21","entitiesTypeKey":"9b8579f2-71fd-495d-8198-3089591a7d8b","containsEntities":null,"properties":[{"key":"817c0787-fbb2-43c6-b222-f356beacdf8b","val":"{\"name\":\"OSMMap\",\"coordinates\":[32.8011333333,34.9915833333]}"},{"key":"9a3fd48c-fa81-4de6-80c8-a2131adfeeaa","val":"Hugim"},{"key":"457789ff-61cf-4742-a59e-b6e3757467ef","val":"16"}]},{"key":"a7e3b668-a24e-48ea-8770-bebc31d0c9b6","entitiesTypeKey":"9b8579f2-71fd-495d-8198-3089591a7d8b","containsEntities":null,"properties":[{"key":"817c0787-fbb2-43c6-b222-f356beacdf8b","val":"{\"name\":\"OSMMap\",\"coordinates\":[32.83925,35.083]}"},{"key":"9a3fd48c-fa81-4de6-80c8-a2131adfeeaa","val":"K_Motskin"},{"key":"457789ff-61cf-4742-a59e-b6e3757467ef","val":"9"}]},{"key":"d4da015d-05cf-4b87-9429-d4e10745f8f8","entitiesTypeKey":"04f1dfea-fcf9-4172-8f63-4e37039fd451","containsEntities":null,"properties":[{"key":"8d4edc15-ce66-4461-823a-c68ee41fce7c","val":"{\"name\":\"OSMMap\",\"coordinates\":[32.83925,35.083]}"},{"key":"3f31ef1c-3811-46d8-9d48-9fe1b1e50bfe","val":"K_Motskin"},{"key":"fd85e7cd-02ca-466e-b36b-6247bf355e44","val":"9"}]},{"key":"4d964490-5688-45b2-a2ee-48a88c9e6d8b","entitiesTypeKey":"04f1dfea-fcf9-4172-8f63-4e37039fd451","containsEntities":null,"properties":[{"key":"8d4edc15-ce66-4461-823a-c68ee41fce7c","val":"{\"name\":\"OSMMap\",\"coordinates\":[32.8174666667,32.8174666667]}"},{"key":"3f31ef1c-3811-46d8-9d48-9fe1b1e50bfe","val":"Michlala"},{"key":"fd85e7cd-02ca-466e-b36b-6247bf355e44","val":"9"}]},{"key":"09565aeb-0c78-4869-ad2b-64adb78f9f97","entitiesTypeKey":"9b8579f2-71fd-495d-8198-3089591a7d8b","containsEntities":null,"properties":[{"key":"817c0787-fbb2-43c6-b222-f356beacdf8b","val":"{\"name\":\"OSMMap\",\"coordinates\":[32.8174666667,32.8174666667]}"},{"key":"9a3fd48c-fa81-4de6-80c8-a2131adfeeaa","val":"Michlala"},{"key":"457789ff-61cf-4742-a59e-b6e3757467ef","val":"9"}]},{"key":"c8eaa505-1ee5-41a5-96a1-c8c01697e22c","entitiesTypeKey":"9b8579f2-71fd-495d-8198-3089591a7d8b","containsEntities":null,"properties":[{"key":"817c0787-fbb2-43c6-b222-f356beacdf8b","val":"{\"name\":\"OSMMap\",\"coordinates\":[32.7794833333,34.9964]}"},{"key":"9a3fd48c-fa81-4de6-80c8-a2131adfeeaa","val":"Reali"},{"key":"457789ff-61cf-4742-a59e-b6e3757467ef","val":"9"}]},{"key":"791be40f-1c5f-4341-9045-eb0905b36c41","entitiesTypeKey":"04f1dfea-fcf9-4172-8f63-4e37039fd451","containsEntities":null,"properties":[{"key":"8d4edc15-ce66-4461-823a-c68ee41fce7c","val":"{\"name\":\"OSMMap\",\"coordinates\":[32.7794833333,34.9964]}"},{"key":"3f31ef1c-3811-46d8-9d48-9fe1b1e50bfe","val":"Reali"},{"key":"fd85e7cd-02ca-466e-b36b-6247bf355e44","val":"9"}]},{"key":"c2693f5e-0231-4f0c-b5bd-afe808e7f995","entitiesTypeKey":"04f1dfea-fcf9-4172-8f63-4e37039fd451","containsEntities":null,"properties":[{"key":"8d4edc15-ce66-4461-823a-c68ee41fce7c","val":"{\"name\":\"OSMMap\",\"coordinates\":[32.8035666667,35.0070833333]}"},{"key":"3f31ef1c-3811-46d8-9d48-9fe1b1e50bfe","val":"SharaiTora"},{"key":"fd85e7cd-02ca-466e-b36b-6247bf355e44","val":"6"}]},{"key":"93d99856-c70e-4f30-b241-1756036c0ef9","entitiesTypeKey":"04f1dfea-fcf9-4172-8f63-4e37039fd451","containsEntities":null,"properties":[{"key":"8d4edc15-ce66-4461-823a-c68ee41fce7c","val":"{\"name\":\"OSMMap\",\"coordinates\":[32.8035666667,35.0070833333]}"},{"key":"3f31ef1c-3811-46d8-9d48-9fe1b1e50bfe","val":"SharaiTora"},{"key":"fd85e7cd-02ca-466e-b36b-6247bf355e44","val":"16"}]},{"key":"f3f16e25-9db2-42f1-b2ad-0455f7eae70b","entitiesTypeKey":"9b8579f2-71fd-495d-8198-3089591a7d8b","containsEntities":null,"properties":[{"key":"817c0787-fbb2-43c6-b222-f356beacdf8b","val":"{\"name\":\"OSMMap\",\"coordinates\":[32.8035666667,35.0070833333]}"},{"key":"9a3fd48c-fa81-4de6-80c8-a2131adfeeaa","val":"SharaiTora"},{"key":"457789ff-61cf-4742-a59e-b6e3757467ef","val":"6"}]},{"key":"b61b4f5c-827f-4358-9702-3a5cbc195152","entitiesTypeKey":"9b8579f2-71fd-495d-8198-3089591a7d8b","containsEntities":null,"properties":[{"key":"817c0787-fbb2-43c6-b222-f356beacdf8b","val":"{\"name\":\"OSMMap\",\"coordinates\":[32.8035666667,35.0070833333]}"},{"key":"9a3fd48c-fa81-4de6-80c8-a2131adfeeaa","val":"SharaiTora"},{"key":"457789ff-61cf-4742-a59e-b6e3757467ef","val":"16"}]},{"key":"7fd6878c-3bf6-4183-a738-938aa96e4250","entitiesTypeKey":"9b8579f2-71fd-495d-8198-3089591a7d8b","containsEntities":null,"properties":[{"key":"817c0787-fbb2-43c6-b222-f356beacdf8b","val":"{\"name\":\"OSMMap\",\"coordinates\":[32.7873666667,35.0215]}"},{"key":"9a3fd48c-fa81-4de6-80c8-a2131adfeeaa","val":"Tel-Hai"},{"key":"457789ff-61cf-4742-a59e-b6e3757467ef","val":"6"}]},{"key":"f2fc0554-4249-405f-990b-1a3ec0fd4d04","entitiesTypeKey":"9b8579f2-71fd-495d-8198-3089591a7d8b","containsEntities":null,"properties":[{"key":"817c0787-fbb2-43c6-b222-f356beacdf8b","val":"{\"name\":\"OSMMap\",\"coordinates\":[32.7873666667,35.0215]}"},{"key":"9a3fd48c-fa81-4de6-80c8-a2131adfeeaa","val":"Tel-Hai"},{"key":"457789ff-61cf-4742-a59e-b6e3757467ef","val":"16"}]},{"key":"f0ef47ce-2d44-45c8-8670-4c9d77fc4bb1","entitiesTypeKey":"04f1dfea-fcf9-4172-8f63-4e37039fd451","containsEntities":null,"properties":[{"key":"8d4edc15-ce66-4461-823a-c68ee41fce7c","val":"{\"name\":\"OSMMap\",\"coordinates\":[32.7873666667,35.0215]}"},{"key":"3f31ef1c-3811-46d8-9d48-9fe1b1e50bfe","val":"Tel-Hai"},{"key":"fd85e7cd-02ca-466e-b36b-6247bf355e44","val":"6"}]},{"key":"89816d08-175a-4698-9188-7f08a39c4921","entitiesTypeKey":"04f1dfea-fcf9-4172-8f63-4e37039fd451","containsEntities":null,"properties":[{"key":"8d4edc15-ce66-4461-823a-c68ee41fce7c","val":"{\"name\":\"OSMMap\",\"coordinates\":[32.7873666667,35.0215]}"},{"key":"3f31ef1c-3811-46d8-9d48-9fe1b1e50bfe","val":"Tel-Hai"},{"key":"fd85e7cd-02ca-466e-b36b-6247bf355e44","val":"16"}]},{"key":"415e4da5-70ec-4aeb-a3c9-0ca93a178779","entitiesTypeKey":"04f1dfea-fcf9-4172-8f63-4e37039fd451","containsEntities":null,"properties":[{"key":"8d4edc15-ce66-4461-823a-c68ee41fce7c","val":"{\"name\":\"OSMMap\",\"coordinates\":[32.8262166667,34.95675]}"},{"key":"3f31ef1c-3811-46d8-9d48-9fe1b1e50bfe","val":"Yamim"},{"key":"fd85e7cd-02ca-466e-b36b-6247bf355e44","val":"9"}]},{"key":"f6c05698-1ea4-47a4-9d5e-c9333726ff3b","entitiesTypeKey":"9b8579f2-71fd-495d-8198-3089591a7d8b","containsEntities":null,"properties":[{"key":"817c0787-fbb2-43c6-b222-f356beacdf8b","val":"{\"name\":\"OSMMap\",\"coordinates\":[32.8262166667,34.95675]}"},{"key":"9a3fd48c-fa81-4de6-80c8-a2131adfeeaa","val":"Yamim"},{"key":"457789ff-61cf-4742-a59e-b6e3757467ef","val":"9"}]}],"deployedEntities":[]}],"logs":[],"labels":[],"experiment":{"id":"64a27874d65c94c51e86490e","name":"Haifa2014","description":"","begin":"2023-05-31T10:26:50.879Z","end":"2023-05-31T10:26:50.879Z","location":"0,0","numberOfTrials":0,"key":"af728cef-fd45-433a-b76e-64dc0cc5f6f3","state":null,"status":null,"project":{"id":"64a27874d65c94ae0d86490a","name":"Haifa2014","description":""},"maps":[]}}